<keymap version="1" name="VSCode (Migrated)" parent="VSCode OSX">
  <action id="ActivateBookmarksToolWindow" />
  <action id="AssemblyDiffAction" />
  <action id="Back">
    <keyboard-shortcut first-keystroke="ctrl minus" />
    <mouse-shortcut keystroke="button4" />
    <keyboard-shortcut first-keystroke="meta open_bracket" />
    <keyboard-shortcut first-keystroke="ctrl open_bracket" />
  </action>
  <action id="Console.TableResult.NavigateForeignAction">
    <keyboard-shortcut first-keystroke="f12" />
    <mouse-shortcut keystroke="meta button1" />
    <mouse-shortcut keystroke="button2" />
    <mouse-shortcut keystroke="Force touch" />
  </action>
  <action id="DuplicatesForm.SendToLeft" />
  <action id="DuplicatesForm.SendToRight" />
  <action id="EditorIndentLineOrSelection">
    <keyboard-shortcut first-keystroke="meta ampersand" />
    <keyboard-shortcut first-keystroke="ctrl ampersand" />
    <keyboard-shortcut first-keystroke="meta quote" />
  </action>
  <action id="EditorLineEnd">
    <keyboard-shortcut first-keystroke="meta right" />
    <keyboard-shortcut first-keystroke="end" />
  </action>
  <action id="EditorLineStart">
    <keyboard-shortcut first-keystroke="meta left" />
    <keyboard-shortcut first-keystroke="home" />
  </action>
  <action id="EditorUnindentSelection">
    <keyboard-shortcut first-keystroke="shift tab" />
    <keyboard-shortcut first-keystroke="meta semicolon" />
    <keyboard-shortcut first-keystroke="ctrl semicolon" />
  </action>
  <action id="FileChooser.GotoHome" />
  <action id="FileChooser.GotoProject" />
  <action id="FindUsages">
    <keyboard-shortcut first-keystroke="alt f7" />
    <keyboard-shortcut first-keystroke="meta 2" />
  </action>
  <action id="Forward">
    <keyboard-shortcut first-keystroke="shift ctrl minus" />
    <keyboard-shortcut first-keystroke="meta close_bracket" />
    <keyboard-shortcut first-keystroke="ctrl close_bracket" />
  </action>
  <action id="GotoDeclaration">
    <keyboard-shortcut first-keystroke="f12" />
    <mouse-shortcut keystroke="meta button1" />
    <mouse-shortcut keystroke="button2" />
    <mouse-shortcut keystroke="Force touch" />
    <keyboard-shortcut first-keystroke="meta d" />
  </action>
  <action id="GotoImplementation">
    <keyboard-shortcut first-keystroke="meta i" />
  </action>
  <action id="Images.Editor.ToggleGrid" />
  <action id="QuickImplementations">
    <keyboard-shortcut first-keystroke="alt space" />
    <keyboard-shortcut first-keystroke="alt f12" />
    <keyboard-shortcut first-keystroke="meta 1" />
  </action>
  <action id="Rider.Plugins.FSharp.SendToFsi">
    <keyboard-shortcut first-keystroke="meta back_slash" />
    <keyboard-shortcut first-keystroke="meta 4" />
  </action>
  <action id="RiderCoveringTestsPopupDebugAction" />
  <action id="RiderNuGetToggleDependenciesExpanderAction" />
  <action id="RiderUnitTestDebugContextTwAction" />
  <action id="SelectNextOccurrence" />
</keymap>