<keymap version="1" name="Leo keymap" parent="$default">
  <action id="Back">
    <keyboard-shortcut first-keystroke="ctrl alt left" />
    <mouse-shortcut keystroke="button4" />
    <keyboard-shortcut first-keystroke="ctrl open_bracket" />
  </action>
  <action id="ChangesView.Diff" />
  <action id="CompareTwoFiles" />
  <action id="Console.TableResult.CloneRow" />
  <action id="DatabaseView.CopyAction" />
  <action id="Diff.ShowDiff" />
  <action id="DuplicatesForm.SendToLeft" />
  <action id="DuplicatesForm.SendToRight" />
  <action id="EditorCodeBlockEnd" />
  <action id="EditorCodeBlockStart" />
  <action id="EditorDuplicate" />
  <action id="FileChooser.GotoDesktop" />
  <action id="FileChooser.GotoHome" />
  <action id="FileChooser.GotoProject" />
  <action id="FileChooser.TogglePathShowing" />
  <action id="FindUsages">
    <keyboard-shortcut first-keystroke="ctrl 2" />
  </action>
  <action id="Forward">
    <keyboard-shortcut first-keystroke="ctrl alt right" />
    <mouse-shortcut keystroke="button5" />
    <keyboard-shortcut first-keystroke="ctrl close_bracket" />
  </action>
  <action id="GotoBookmark1" />
  <action id="GotoBookmark2" />
  <action id="GotoDeclaration">
    <keyboard-shortcut first-keystroke="ctrl b" />
    <mouse-shortcut keystroke="control button1" />
    <mouse-shortcut keystroke="button2" />
    <keyboard-shortcut first-keystroke="ctrl d" />
  </action>
  <action id="ParameterInfo" />
  <action id="QuickImplementations">
    <keyboard-shortcut first-keystroke="ctrl 1" />
  </action>
  <action id="RunDashboard.CopyConfiguration" />
  <action id="SearchEverywhere">
    <keyboard-shortcut first-keystroke="ctrl p" />
  </action>
  <action id="SendEOF" />
  <action id="openAssertEqualsDiff" />
</keymap>